source,target,route_id,travel_time
1,2,N,90
1,2,W,90
2,1,N,90
2,1,W,120
2,3,N,60
2,3,W,90
3,2,N,60
3,2,W,60
3,4,N,90
3,4,W,90
4,3,N,90
4,3,W,120
4,5,N,120
4,5,W,120
5,4,N,90
5,4,W,90
5,6,N,60
5,6,W,60
6,5,N,60
6,5,W,90
6,461,N,120
6,461,W,150
8,9,N,150
8,9,R,150
8,9,W,150
8,613,N,90
8,613,R,90
8,613,W,90
9,8,N,150
9,8,R,150
9,8,W,150
9,10,N,90
9,10,Q,90
9,10,R,90
9,10,W,90
9,223,Q,150
10,9,N,90
10,9,Q,120
10,9,R,90
10,9,W,120
10,611,N,90
10,611,Q,90
10,611,R,90
10,611,W,90
13,14,N,60
13,14,Q,60
13,14,R,60
13,14,W,90
13,607,N,60
13,607,Q,60
13,607,R,60
13,607,W,60
14,13,N,60
14,13,Q,60
14,13,R,60
14,13,W,60
14,602,N,90
14,602,Q,90
14,602,R,90
14,602,W,90
16,17,N,90
16,17,Q,90
16,17,R,90
16,17,W,120
16,602,N,90
16,602,Q,90
16,602,R,90
16,602,W,90
17,16,N,90
17,16,Q,90
17,16,R,90
17,16,W,120
17,623,N,90
17,623,Q,120
17,623,R,90
17,623,W,90
20,623,N,150
20,623,R,150
20,623,W,150
20,624,N,120
20,624,R,120
20,624,W,120
22,624,N,60
22,624,R,60
22,624,W,60
22,635,N,120
22,635,R,120
22,635,W,120
26,231,B,480
26,231,D,480
26,617,B,90
26,617,D,180
26,617,N,180
26,617,Q,90
26,617,R,180
26,617,W,210
26,623,Q,480
26,636,N,90
26,636,R,90
26,636,W,90
28,608,D,90
28,608,N,90
28,608,R,90
28,608,W,90
28,617,D,120
28,617,N,120
28,617,R,120
28,617,W,120
30,31,D,90
30,31,N,90
30,31,R,90
30,31,W,90
30,608,D,120
30,608,N,120
30,608,R,90
30,608,W,90
31,30,D,90
31,30,N,90
31,30,R,90
31,30,W,90
31,32,D,90
31,32,N,90
31,32,R,90
31,32,W,90
32,31,D,90
32,31,N,90
32,31,R,90
32,31,W,90
32,33,N,120
32,33,R,120
32,33,W,120
32,59,D,240
32,617,Q,330
33,32,N,150
33,32,Q,150
33,32,R,150
33,32,W,150
33,34,N,90
33,34,R,90
33,34,W,90
34,33,N,90
34,33,Q,90
34,33,R,90
34,33,W,90
34,35,N,90
34,35,R,90
34,35,W,90
35,34,N,90
35,34,Q,90
35,34,R,90
35,34,W,90
35,36,R,120
35,71,N,180
35,71,W,180
36,35,R,120
36,37,R,60
37,36,R,90
37,38,R,120
38,37,R,120
38,39,R,120
39,38,R,90
41,42,B,240
41,42,Q,240
41,617,B,120
41,617,Q,120
42,41,B,210
42,41,Q,210
42,43,Q,90
42,44,B,120
42,626,FS,180
43,42,Q,90
43,44,Q,60
44,42,B,120
44,43,Q,90
44,45,Q,90
44,47,B,150
45,44,Q,90
45,46,Q,30
46,45,Q,30
46,47,Q,90
47,44,B,150
47,46,Q,90
47,48,Q,60
47,51,B,240
48,47,Q,60
48,49,Q,60
49,48,Q,60
49,50,Q,90
50,49,Q,90
50,51,Q,120
51,47,B,270
51,50,Q,120
51,52,Q,150
51,54,B,240
52,51,Q,120
52,53,Q,60
53,52,Q,60
53,54,Q,150
54,51,B,240
54,53,Q,120
54,55,B,120
54,55,Q,120
55,54,B,120
55,54,Q,120
55,56,Q,120
56,55,Q,120
56,57,Q,120
57,56,Q,90
57,58,F,90
57,58,FX,90
57,58,Q,90
57,253,F,90
57,253,FX,90
58,57,F,90
58,57,FX,90
58,57,Q,90
58,70,D,240
58,79,N,240
59,32,D,240
59,60,D,120
60,59,D,120
60,61,D,90
61,60,D,90
61,62,D,90
62,61,D,90
62,615,D,90
64,65,D,90
64,615,D,120
65,64,D,90
65,66,D,90
66,65,D,90
66,67,D,90
67,66,D,60
67,68,D,60
68,67,D,60
68,69,D,90
69,68,D,90
69,70,D,120
70,58,D,240
70,69,D,120
71,35,N,180
71,35,Q,180
71,35,W,180
71,72,N,90
71,72,W,90
72,71,N,60
72,71,Q,60
72,71,W,60
72,615,N,120
72,615,W,120
74,75,N,90
74,75,W,90
74,615,N,90
74,615,Q,90
74,615,W,90
75,74,N,60
75,74,Q,60
75,74,W,60
75,76,N,90
75,76,W,90
76,75,N,90
76,75,Q,90
76,75,W,90
76,77,N,120
76,77,W,120
77,76,N,120
77,76,Q,120
77,76,W,120
77,78,N,120
77,78,W,120
78,77,N,90
78,77,Q,90
78,77,W,90
78,79,N,60
78,79,W,60
79,58,N,240
79,78,N,60
79,78,Q,60
79,78,W,60
80,81,J,90
80,82,Z,180
80,279,J,240
80,279,Z,240
81,80,J,90
81,82,J,120
82,80,Z,180
82,81,J,120
82,83,J,90
82,83,Z,90
83,82,J,90
83,82,Z,90
83,84,J,90
83,85,Z,180
84,83,J,90
84,85,J,90
85,83,Z,180
85,84,J,90
85,86,J,60
85,87,Z,150
86,85,J,60
86,87,J,90
87,85,Z,150
87,86,J,90
87,88,J,90
87,88,Z,90
88,87,J,120
88,87,Z,90
88,89,J,60
88,90,Z,150
89,88,J,60
89,90,J,90
90,88,Z,150
90,89,J,90
90,91,J,90
90,91,Z,60
91,90,J,90
91,90,Z,60
91,621,J,90
91,621,Z,90
93,94,J,90
93,95,Z,150
93,621,J,90
93,621,Z,60
94,93,J,90
94,95,J,90
95,93,Z,150
95,94,J,90
95,96,J,90
95,97,Z,180
96,95,J,90
96,97,J,90
97,95,Z,180
97,96,J,90
97,98,J,90
97,98,M,90
97,101,Z,240
97,114,M,150
98,97,J,60
98,97,M,60
98,99,J,90
98,99,M,90
99,98,J,90
99,98,M,90
99,100,J,60
99,100,M,60
100,99,J,90
100,99,M,90
100,101,J,60
100,101,M,60
101,97,Z,240
101,100,J,60
101,100,M,60
101,625,J,450
101,625,M,450
101,625,Z,450
103,623,J,90
103,623,Z,90
103,625,J,90
103,625,Z,120
107,628,J,90
107,628,Z,120
108,109,M,120
109,108,M,120
109,110,M,90
110,109,M,90
110,111,M,60
111,110,M,60
111,630,M,90
113,114,M,120
113,630,M,120
114,97,M,120
114,113,M,90
118,119,L,60
118,602,L,60
119,118,L,60
119,120,L,240
120,119,L,240
120,629,L,90
122,123,L,90
122,629,L,60
123,122,L,60
123,124,L,60
124,123,L,60
124,125,L,90
125,124,L,90
125,126,L,120
126,125,L,120
126,127,L,90
127,126,L,60
127,630,L,90
129,130,L,150
129,630,L,90
130,129,L,120
130,131,L,90
131,130,L,90
131,621,L,60
133,134,L,90
133,621,L,90
134,133,L,90
134,135,L,60
135,134,L,90
135,136,L,90
136,135,L,90
136,137,L,120
137,136,L,120
137,138,L,90
138,137,L,90
141,626,FS,90
141,627,FS,120
143,144,A,90
144,143,A,90
144,145,A,120
145,144,A,150
145,146,A,120
146,145,A,120
146,147,A,60
147,146,A,60
147,605,A,120
149,150,A,90
149,150,C,60
149,605,A,90
149,605,C,90
150,149,A,90
150,149,C,90
150,151,A,90
150,151,C,90
151,150,A,90
151,150,C,90
151,152,A,90
151,152,B,120
151,152,C,120
151,153,D,210
151,220,B,90
151,220,D,90
152,151,A,90
152,151,B,90
152,151,C,90
152,153,A,90
152,153,B,90
152,153,C,90
153,151,D,210
153,152,A,90
153,152,B,90
153,152,C,90
153,154,A,90
153,154,B,90
153,154,C,90
153,614,D,480
154,153,A,90
154,153,B,90
154,153,C,90
154,155,A,90
154,155,B,90
154,155,C,90
155,154,A,90
155,154,B,90
155,154,C,90
155,156,A,60
155,156,B,60
155,156,C,60
156,155,A,60
156,155,B,60
156,155,C,60
156,157,A,90
156,157,B,60
156,157,C,60
157,156,A,90
157,156,B,90
157,156,C,90
157,158,A,90
157,158,B,90
157,158,C,90
158,157,A,90
158,157,B,90
158,157,C,90
158,159,A,90
158,159,B,90
158,159,C,90
159,158,A,90
159,158,B,90
159,158,C,90
159,160,A,90
159,160,B,90
159,160,C,90
160,159,A,90
160,159,B,90
160,159,C,90
160,614,A,90
160,614,B,90
160,614,C,90
162,277,E,90
162,611,A,120
162,611,C,120
162,611,E,120
162,614,A,120
162,614,C,120
164,165,A,90
164,165,C,90
164,165,E,90
164,611,A,60
164,611,C,60
164,611,E,60
165,164,A,120
165,164,C,90
165,164,E,90
165,618,A,90
165,618,C,90
165,618,E,90
167,168,A,90
167,168,C,90
167,168,E,90
167,601,F,90
167,601,FX,90
167,601,M,90
167,607,B,180
167,607,D,180
167,618,A,120
167,618,C,120
167,618,E,120
167,619,B,120
167,619,D,120
167,619,F,150
167,619,FX,150
167,619,M,150
168,167,A,120
168,167,C,120
168,167,E,120
168,169,A,90
168,169,C,90
168,169,E,90
169,168,A,90
169,168,C,90
169,168,E,90
169,624,A,120
169,624,C,120
169,624,E,120
173,628,A,180
173,628,C,180
173,636,A,120
173,636,C,120
175,176,A,120
175,176,C,120
175,236,G,90
175,292,G,90
175,636,A,90
175,636,C,90
176,175,A,90
176,175,C,90
176,177,A,90
176,177,C,90
177,176,A,90
177,176,C,90
177,627,A,90
177,627,C,90
179,180,A,120
179,180,C,90
179,627,A,60
179,627,C,60
180,179,A,90
180,179,C,90
180,181,A,90
180,181,C,90
181,180,A,90
181,180,C,90
181,182,A,120
181,182,C,120
182,181,A,90
182,181,C,90
182,183,A,90
182,183,C,90
183,182,A,120
183,182,C,90
183,621,A,90
183,621,C,90
185,186,A,90
185,186,C,90
185,621,A,120
185,621,C,120
186,185,A,90
186,185,C,90
186,187,A,90
186,187,C,90
187,186,A,90
187,186,C,90
187,188,A,90
187,188,C,90
188,187,A,90
188,187,C,90
188,189,A,90
189,188,A,90
189,190,A,90
190,189,A,60
190,191,A,60
191,190,A,60
191,192,A,60
192,191,A,60
192,193,A,90
193,192,A,90
193,194,A,90
194,193,A,60
194,195,A,60
195,194,A,60
196,192,A,180
197,196,A,30
197,198,A,120
198,197,A,120
198,199,A,390
199,198,A,390
199,200,A,240
199,200,H,240
200,199,A,210
200,199,H,210
200,201,A,90
200,201,H,90
201,200,A,90
201,200,H,90
201,202,A,60
201,202,H,60
202,201,A,90
202,201,H,90
202,203,A,90
202,203,H,90
203,202,A,120
203,202,H,120
204,199,A,240
204,205,A,90
205,204,A,90
205,206,A,120
206,205,A,120
206,207,A,90
207,206,A,90
207,208,A,120
208,207,A,90
208,209,A,90
209,208,A,90
210,211,D,120
211,210,D,150
211,212,B,120
211,212,D,90
212,211,B,120
212,211,D,120
212,213,B,120
212,213,D,60
213,212,B,90
213,212,D,90
213,214,B,90
213,214,D,90
214,213,B,90
214,213,D,90
214,215,B,90
214,215,D,90
215,214,B,90
215,214,D,90
215,216,B,90
215,216,D,90
216,215,B,90
216,215,D,90
216,217,B,150
216,217,D,150
217,216,B,120
217,216,D,120
217,218,B,120
217,218,D,120
218,217,B,120
218,217,D,120
218,604,B,150
218,604,D,150
220,151,B,90
220,151,D,90
220,604,B,90
220,604,D,90
221,222,F,120
221,222,FX,120
221,616,F,360
221,616,FX,360
222,221,F,120
222,221,FX,120
222,223,F,150
222,223,FX,150
223,9,N,180
223,9,Q,180
223,222,F,150
223,222,FX,150
223,224,F,150
223,224,FX,150
223,224,M,180
223,477,M,120
223,477,Q,120
223,477,R,120
224,223,F,150
224,223,FX,210
224,223,M,180
224,225,F,90
224,225,FX,90
224,225,M,90
225,224,F,90
225,224,FX,120
225,276,M,120
225,277,B,90
225,277,D,90
225,609,B,90
225,609,D,90
225,609,F,90
225,609,FX,90
225,609,M,90
228,601,F,90
228,601,FX,90
228,601,M,90
228,607,F,90
228,607,FX,120
228,607,M,90
231,26,B,480
231,26,D,480
231,619,B,120
231,619,D,120
232,619,F,90
232,619,FX,90
232,625,F,90
232,625,FX,120
234,235,F,150
234,235,FX,180
234,625,F,60
234,625,FX,90
235,234,F,150
235,234,FX,240
235,636,F,90
235,636,FX,90
236,175,G,90
236,237,F,90
236,237,G,90
236,636,F,120
237,236,F,90
237,236,G,90
237,238,F,90
237,238,G,90
238,237,F,120
238,237,G,120
238,608,F,90
238,608,G,90
240,241,F,90
240,241,G,90
240,243,FX,240
240,608,F,90
240,608,G,90
240,636,FX,330
241,240,F,90
241,240,G,90
241,242,F,120
241,242,G,120
242,241,F,150
242,241,G,150
242,243,F,90
242,243,G,90
243,240,FX,180
243,242,F,90
243,242,G,90
243,244,F,120
243,244,FX,120
244,243,F,120
244,243,FX,120
244,245,F,120
244,245,FX,120
245,244,F,90
245,244,FX,120
245,246,F,60
245,246,FX,60
246,245,F,60
246,245,FX,90
246,247,F,60
246,247,FX,60
247,246,F,60
247,246,FX,60
247,248,F,120
247,248,FX,120
248,247,F,90
248,247,FX,90
248,249,F,90
248,249,FX,90
249,248,F,90
249,248,FX,120
249,250,F,90
249,250,FX,90
250,249,F,90
250,249,FX,90
250,251,F,120
250,251,FX,120
251,250,F,120
251,250,FX,120
251,252,F,120
251,252,FX,120
252,251,F,90
252,251,FX,120
252,253,F,120
252,253,FX,120
253,57,F,90
253,57,FX,90
253,252,F,120
253,252,FX,150
254,255,F,90
254,255,FX,90
254,256,E,150
255,254,F,120
255,254,FX,120
255,256,F,120
255,256,FX,120
256,254,E,180
256,255,F,90
256,255,FX,90
256,257,F,60
256,257,FX,90
256,259,E,210
257,256,F,60
257,256,FX,90
257,258,F,120
257,258,FX,120
258,257,F,60
258,257,FX,90
258,259,E,90
258,259,F,90
258,259,FX,120
258,280,E,90
259,258,E,120
259,258,F,120
259,258,FX,120
259,260,E,90
259,260,F,90
259,260,FX,90
260,259,E,90
260,259,F,90
260,259,FX,90
260,261,E,90
260,261,F,120
260,261,FX,120
261,260,E,120
261,260,F,120
261,260,FX,120
261,262,E,90
261,262,M,90
261,262,R,90
261,616,F,420
261,616,FX,420
262,261,E,90
262,261,M,90
262,261,R,90
262,263,E,120
262,263,M,90
262,263,R,90
263,262,E,120
263,262,M,90
263,262,R,90
263,264,E,60
263,264,M,60
263,264,R,60
264,263,E,60
264,263,M,60
264,263,R,60
264,265,E,120
264,265,M,90
264,265,R,90
265,264,E,120
265,264,M,90
265,264,R,90
265,266,E,90
265,266,M,90
265,266,R,90
266,265,E,90
266,265,M,90
266,265,R,90
266,616,E,90
266,616,M,90
266,616,R,90
268,269,E,90
268,269,M,90
268,269,R,90
268,616,E,90
268,616,M,90
268,616,R,90
269,268,E,60
269,268,M,60
269,268,R,60
269,270,E,90
269,270,M,90
269,270,R,90
270,269,E,90
270,269,M,90
270,269,R,90
270,271,E,90
270,271,M,90
270,271,R,90
271,270,E,90
271,270,M,90
271,270,R,90
271,272,E,120
271,272,M,120
271,272,R,120
272,271,E,120
272,271,M,120
272,271,R,120
272,273,E,120
272,273,M,120
272,273,R,120
273,272,E,120
273,272,M,120
273,272,R,120
273,606,E,90
273,606,M,90
273,613,R,330
276,225,M,120
276,277,E,90
276,612,E,90
276,612,M,90
277,162,E,90
277,225,B,90
277,225,D,90
277,276,E,60
277,614,B,120
277,614,D,90
278,279,E,90
278,279,J,60
278,279,Z,60
279,80,J,240
279,80,Z,240
279,278,E,120
279,278,J,60
279,278,Z,60
279,280,E,120
280,258,E,90
280,279,E,120
282,283,G,150
282,606,G,60
283,282,G,150
283,284,G,60
284,283,G,60
284,629,G,150
286,287,G,60
286,629,G,60
287,286,G,60
287,288,G,60
288,287,G,60
288,289,G,90
289,288,G,90
289,290,G,60
290,289,G,60
290,291,G,90
291,290,G,90
291,292,G,90
292,175,G,90
292,291,G,90
293,294,1,90
294,293,1,90
294,295,1,90
295,294,1,90
295,296,1,90
296,295,1,90
296,297,1,90
297,296,1,90
297,298,1,60
298,297,1,60
298,299,1,90
299,298,1,90
299,300,1,90
300,299,1,60
300,301,1,90
301,300,1,90
301,605,1,120
303,304,1,120
303,605,1,90
304,303,1,120
304,305,1,90
305,304,1,90
305,306,1,90
306,305,1,120
306,307,1,120
307,306,1,120
307,308,1,60
308,307,1,60
308,309,1,60
309,308,1,90
309,310,1,120
310,309,1,90
310,311,1,120
310,311,2,120
310,313,3,150
310,441,2,240
310,441,3,240
311,310,1,90
311,310,2,90
311,312,1,60
311,312,2,60
312,311,1,60
312,311,2,60
312,313,1,90
312,313,2,90
313,310,3,150
313,312,1,90
313,312,2,90
313,314,1,90
313,314,2,90
313,611,3,240
314,313,1,60
314,313,2,60
314,614,1,90
314,614,2,90
316,611,1,90
316,611,2,90
316,614,1,120
316,614,2,120
318,319,1,60
318,319,2,60
318,601,3,150
318,611,1,90
318,611,2,60
318,611,3,60
319,318,1,60
319,318,2,90
319,320,1,60
319,320,2,60
320,319,1,60
320,319,2,60
320,321,1,60
320,321,2,60
321,320,1,60
321,320,2,60
321,601,1,60
321,601,2,60
323,324,1,90
323,324,2,90
323,601,1,90
323,601,2,90
324,323,1,90
324,323,2,90
324,325,1,90
324,325,2,120
325,324,1,90
325,324,2,90
325,326,1,60
325,326,2,60
326,325,1,60
326,325,2,60
326,327,1,60
326,327,2,60
327,326,1,60
327,326,2,90
327,328,1,90
327,601,3,240
327,624,2,60
327,624,3,60
328,327,1,60
328,329,1,90
329,328,1,60
329,635,1,120
333,334,2,270
333,334,3,270
333,628,2,60
333,628,3,60
334,333,2,180
334,333,3,180
334,620,2,60
334,620,3,60
336,337,2,60
336,337,3,60
336,620,2,90
336,620,3,90
337,336,2,90
337,336,3,90
337,617,2,90
337,617,3,90
337,617,4,90
337,617,5,90
337,620,4,90
337,620,5,90
337,620,5X,120
339,340,2,90
339,340,3,90
339,340,4,90
339,617,2,60
339,617,3,60
339,617,4,60
340,339,2,120
340,339,3,120
340,339,4,120
340,341,2,90
340,341,3,90
340,341,4,90
341,340,2,90
341,340,3,90
341,340,4,90
341,626,2,90
341,626,3,90
341,626,4,90
343,344,2,90
343,344,3,90
343,344,4,90
343,626,2,90
343,626,3,90
343,626,4,90
343,626,5,90
344,343,2,120
344,343,3,90
344,343,4,90
344,343,5,120
344,345,2,120
344,345,3,120
344,345,4,120
345,344,2,120
345,344,3,120
345,344,4,120
345,344,5,120
345,346,2,180
345,346,3,150
345,346,4,150
346,345,2,180
346,345,3,150
346,345,4,150
346,345,5,150
346,347,2,90
346,347,3,90
346,347,4,90
347,346,2,90
347,346,3,90
347,346,4,90
347,346,5,90
347,348,2,90
347,348,3,90
347,348,4,90
348,347,2,120
348,347,3,90
348,347,4,90
348,347,5,90
348,349,2,60
348,349,3,60
348,349,4,60
349,348,2,60
349,348,3,60
349,348,4,60
349,348,5,60
349,350,2,90
349,350,3,90
349,350,4,90
350,349,2,120
350,349,3,90
350,349,4,90
350,349,5,90
350,351,2,60
350,351,3,60
350,351,4,60
351,350,2,60
351,350,3,60
351,350,4,60
351,350,5,60
351,352,2,90
351,352,3,60
351,352,4,60
352,351,2,90
352,351,3,90
352,351,4,90
352,351,5,90
353,354,2,60
353,354,5,90
353,626,2,150
353,626,5,150
353,626,5X,150
354,353,2,60
354,353,5,90
354,353,5X,90
354,355,2,90
354,355,5,90
355,354,2,90
355,354,5,90
355,354,5X,90
355,356,2,90
355,356,5,90
356,355,2,60
356,355,5,90
356,355,5X,90
356,357,2,90
356,357,5,90
357,356,2,90
357,356,5,90
357,356,5X,90
357,358,2,90
357,358,5,90
358,357,2,60
358,357,5,60
358,357,5X,60
358,359,2,120
358,359,5,120
359,358,2,120
359,358,5,120
359,358,5X,120
360,361,6,150
360,361,6X,150
361,360,6,150
361,360,6X,150
361,362,6,90
361,362,6X,90
362,361,6,90
362,361,6X,90
362,363,6,90
362,363,6X,90
363,362,6,90
363,362,6X,90
363,364,6,60
363,364,6X,60
364,363,6,60
364,363,6X,60
364,365,6,60
364,365,6X,60
365,364,6,60
365,364,6X,60
365,366,6,90
365,366,6X,120
366,365,6,90
366,365,6X,90
366,367,6,90
366,367,6X,90
367,366,6,60
367,368,6,90
367,368,6X,90
368,367,6,60
368,369,6,60
368,369,6X,60
369,368,6,60
369,370,6,90
369,370,6X,120
370,369,6,90
370,371,6,120
370,371,6X,120
371,366,6X,330
371,370,6,90
371,372,6,90
371,377,6X,420
372,371,6,90
372,373,6,90
373,372,6,90
373,374,6,60
374,373,6,60
374,375,6,120
375,374,6,120
375,376,6,60
376,375,6,60
376,377,6,90
377,371,6X,390
377,376,6,90
377,392,6,180
377,392,6X,180
378,379,4,120
379,378,4,120
379,380,4,90
380,379,4,90
380,381,4,120
381,380,4,120
381,382,4,60
382,381,4,60
382,383,4,60
383,382,4,60
383,384,4,90
384,383,4,90
384,385,4,90
385,384,4,90
385,386,4,60
386,385,4,60
386,387,4,60
387,386,4,60
387,388,4,90
388,387,4,90
388,604,4,120
391,392,4,150
391,392,5,150
391,603,4,90
391,603,5,150
391,603,5X,180
392,377,6,180
392,377,6X,180
392,391,4,150
392,391,5,150
392,391,5X,150
392,393,4,90
392,393,6,90
392,393,6X,90
392,397,5,270
393,392,4,90
393,392,6,90
393,392,6X,90
393,394,4,90
393,394,6,60
393,394,6X,60
394,393,4,90
394,393,6,60
394,393,6X,60
394,395,4,60
394,395,6,60
394,395,6X,60
395,394,4,60
395,394,6,60
395,394,6X,60
395,396,4,90
395,396,6,90
395,396,6X,90
396,395,4,90
396,395,6,90
396,395,6X,90
396,397,4,120
396,397,6,120
396,397,6X,120
397,392,5,270
397,392,5X,300
397,396,4,120
397,396,6,120
397,396,6X,120
397,398,4,90
397,398,6,90
397,398,6X,90
397,613,5,210
398,397,4,90
398,397,6,90
398,397,6X,90
398,399,4,120
398,399,6,90
398,399,6X,90
399,398,4,90
399,398,6,90
399,398,6X,90
399,613,4,90
399,613,6,90
399,613,6X,90
403,404,4,60
403,404,6,60
403,404,6X,60
403,610,4,120
403,610,6,120
403,610,6X,120
404,403,4,60
404,403,6,60
404,403,6X,60
404,405,4,60
404,405,6,60
404,405,6X,60
405,404,4,60
405,404,6,60
405,404,6X,60
405,602,4,90
405,602,6,90
405,602,6X,90
407,602,4,90
407,602,6,60
407,602,6X,90
407,619,4,90
407,619,6,60
407,619,6X,90
409,619,4,60
409,619,6,60
409,619,6X,60
409,623,4,90
409,623,6,90
409,623,6X,90
413,414,4,60
413,414,5,60
413,628,4,60
413,628,5,60
413,628,5X,60
414,413,4,60
414,413,5,60
414,413,5X,90
414,620,4,300
414,620,5,300
416,417,2,90
417,416,2,120
417,416,5,120
417,418,2,90
417,418,5,90
418,417,2,90
418,417,5,90
418,419,2,60
418,419,5,90
419,418,2,60
419,418,5,90
419,420,2,60
419,420,5,90
420,419,2,60
420,419,5,60
420,421,2,90
420,421,5,90
421,420,2,90
421,420,5,90
421,422,2,90
421,422,5,90
422,421,2,90
422,421,5,90
422,423,2,60
422,423,5,90
423,422,2,60
423,422,5,90
423,424,2,120
423,424,5,120
424,423,2,120
424,423,5,120
424,425,2,90
424,425,5,150
425,424,2,120
425,424,5,120
425,426,2,120
425,426,5,120
426,425,2,120
426,425,5,120
426,427,2,90
426,427,5,90
426,446,5X,210
427,426,2,90
427,426,5,90
427,428,2,120
427,428,5,120
428,427,2,90
428,427,5,90
428,429,2,120
428,429,5,120
429,428,2,120
429,428,5,120
429,430,2,90
429,430,5,90
430,429,2,90
430,429,5,90
430,431,2,60
430,431,5,60
431,430,2,60
431,430,5,60
431,432,2,60
431,432,5,60
432,431,2,60
432,431,5,60
432,433,2,90
432,433,5,90
433,432,2,90
433,432,5,90
433,434,2,120
433,434,5,120
434,426,5X,660
434,433,2,120
434,433,5,120
434,603,2,120
434,603,5,90
436,437,3,90
437,436,3,120
437,438,3,120
438,437,3,120
438,439,2,90
438,439,3,90
438,603,2,180
439,438,2,90
439,438,3,90
439,440,2,90
439,440,3,90
440,439,2,90
440,439,3,90
440,441,2,60
440,441,3,60
441,310,2,240
441,310,3,240
441,440,2,60
441,440,3,60
442,443,5,120
443,442,5,120
443,442,5X,150
443,444,5,120
444,443,5,120
444,443,5X,150
444,445,5,150
445,444,5,150
445,444,5X,150
445,446,5,60
446,426,5,180
446,445,5,60
446,445,5X,90
447,448,7,150
447,448,7X,150
448,447,7,210
448,447,7X,210
448,449,7,90
448,451,7X,210
449,448,7,120
449,450,7,60
450,449,7,60
450,451,7,60
451,448,7X,210
451,450,7,60
451,452,7,60
451,456,7X,240
452,451,7,60
452,453,7,60
453,452,7,60
453,616,7,60
455,456,7,120
455,616,7,90
456,451,7X,240
456,455,7,120
456,457,7,90
456,461,7X,330
457,456,7,90
457,458,7,60
458,457,7,60
458,459,7,60
459,458,7,60
459,460,7,60
460,459,7,60
460,461,7,120
461,6,N,120
461,6,W,120
461,456,7X,330
461,460,7,120
461,606,7,90
461,606,7X,90
461,613,N,270
461,613,W,270
463,464,7,60
463,464,7X,60
463,606,7,90
463,606,7X,90
464,463,7,30
464,463,7X,60
464,610,7,270
464,610,7X,270
471,611,7,180
471,611,7X,180
475,476,M,120
475,476,N,120
475,476,Q,120
476,475,M,90
476,475,Q,90
476,475,R,120
476,477,M,120
476,477,N,120
476,477,Q,120
477,223,M,120
477,223,N,120
477,223,Q,120
477,476,M,90
477,476,Q,90
477,476,R,150
501,502,SI,180
502,501,SI,180
502,503,SI,120
503,502,SI,120
503,504,SI,120
504,503,SI,120
504,505,SI,180
505,504,SI,180
505,506,SI,120
506,505,SI,120
506,507,SI,120
507,506,SI,120
507,508,SI,120
508,507,SI,120
508,509,SI,60
509,508,SI,60
509,510,SI,120
510,509,SI,120
510,511,SI,120
511,510,SI,120
511,512,SI,120
512,511,SI,120
512,513,SI,120
513,512,SI,120
513,514,SI,120
514,513,SI,120
514,515,SI,120
515,514,SI,120
515,516,SI,120
516,515,SI,120
516,517,SI,120
517,516,SI,120
517,518,SI,120
518,517,SI,120
518,519,SI,120
519,518,SI,120
519,523,SI,120
522,523,SI,180
523,519,SI,120
523,522,SI,180
601,167,F,90
601,167,FX,120
601,167,M,90
601,228,F,90
601,228,FX,90
601,228,M,90
601,318,3,150
601,321,1,60
601,321,2,60
601,323,1,90
601,323,2,90
601,327,3,270
601,602,L,90
601,618,L,60
602,14,N,90
602,14,Q,90
602,14,R,90
602,14,W,120
602,16,N,90
602,16,Q,90
602,16,R,90
602,16,W,90
602,118,L,30
602,405,4,120
602,405,6,90
602,405,6X,90
602,407,4,90
602,407,6,90
602,407,6X,90
602,601,L,90
602,610,5,210
602,610,5X,240
602,622,5,270
603,391,4,90
603,391,5,150
603,434,2,120
603,434,5,90
603,434,5X,120
603,438,2,180
603,604,4,90
604,218,B,150
604,218,D,150
604,220,B,90
604,220,D,90
604,388,4,90
604,603,4,150
605,147,A,120
605,149,A,90
605,149,C,60
605,301,1,120
605,303,1,90
606,273,E,90
606,273,M,90
606,282,G,60
606,461,7,90
606,461,7X,90
606,463,7,90
606,463,7X,90
606,612,E,180
606,612,M,180
607,13,N,60
607,13,Q,60
607,13,R,60
607,13,W,60
607,167,B,180
607,167,D,180
607,228,F,90
607,228,FX,120
607,228,M,90
607,609,B,90
607,609,D,90
607,609,F,90
607,609,FX,90
607,609,M,90
607,611,N,90
607,611,Q,90
607,611,R,90
607,611,W,120
608,28,D,90
608,28,N,90
608,28,R,90
608,28,W,90
608,30,D,120
608,30,N,120
608,30,R,120
608,30,W,120
608,238,F,90
608,238,G,90
608,240,F,90
608,240,G,90
609,225,B,90
609,225,D,90
609,225,F,90
609,225,FX,120
609,225,M,90
609,607,B,90
609,607,D,90
609,607,F,90
609,607,FX,90
609,607,M,90
609,610,7,60
609,610,7X,90
609,611,7,90
609,611,7X,90
610,403,4,120
610,403,6,120
610,403,6X,120
610,464,7,270
610,464,7X,270
610,602,5,240
610,609,7,90
610,609,7X,90
610,611,GS,90
610,612,4,90
610,612,6,90
610,612,6X,120
610,613,5,120
610,613,5X,150
611,10,N,90
611,10,Q,90
611,10,R,90
611,10,W,120
611,162,A,90
611,162,C,90
611,162,E,90
611,164,A,60
611,164,C,60
611,164,E,60
611,313,3,210
611,316,1,120
611,316,2,120
611,318,1,90
611,318,2,60
611,318,3,60
611,471,7,210
611,471,7X,210
611,607,N,90
611,607,Q,90
611,607,R,90
611,607,W,120
611,609,7,90
611,609,7X,90
611,610,GS,90
612,276,E,90
612,276,M,90
612,606,E,180
612,606,M,180
612,610,4,120
612,610,6,120
612,610,6X,120
612,613,4,90
612,613,6,90
612,613,6X,90
613,8,N,90
613,8,R,90
613,8,W,90
613,273,R,330
613,397,5,210
613,397,5X,210
613,399,4,120
613,399,6,90
613,399,6X,90
613,461,N,270
613,461,W,270
613,610,5,150
613,612,4,90
613,612,6,90
613,612,6X,90
614,153,D,480
614,160,A,90
614,160,B,90
614,160,C,90
614,162,A,90
614,162,C,90
614,277,B,90
614,277,D,90
614,314,1,90
614,314,2,90
614,316,1,120
614,316,2,120
615,62,D,90
615,64,D,120
615,72,N,120
615,72,Q,120
615,72,W,120
615,74,N,90
615,74,W,90
616,221,F,390
616,221,FX,390
616,261,F,420
616,261,FX,420
616,266,E,90
616,266,M,90
616,266,R,90
616,268,E,90
616,268,M,90
616,268,R,90
616,453,7,60
616,455,7,90
617,26,B,90
617,26,D,180
617,26,N,180
617,26,Q,90
617,26,R,180
617,26,W,180
617,28,D,120
617,28,N,120
617,28,R,120
617,28,W,120
617,41,B,120
617,41,Q,120
617,337,2,90
617,337,3,90
617,337,4,90
617,337,5,90
617,337,5X,90
617,339,2,60
617,339,3,60
617,339,4,60
617,626,5,240
618,165,A,90
618,165,C,90
618,165,E,90
618,167,A,120
618,167,C,120
618,167,E,120
618,601,L,90
619,167,B,120
619,167,D,120
619,167,F,150
619,167,FX,150
619,167,M,150
619,231,B,120
619,231,D,120
619,232,F,90
619,232,FX,90
619,407,4,90
619,407,6,90
619,407,6X,90
619,409,4,60
619,409,6,60
619,409,6X,60
619,625,M,180
620,334,2,90
620,334,3,90
620,336,2,60
620,336,3,60
620,337,4,90
620,337,5,90
620,414,4,300
620,414,5,300
620,414,5X,300
620,635,N,210
620,635,R,210
620,635,W,210
620,636,N,120
620,636,R,120
620,636,W,120
621,91,J,90
621,91,Z,90
621,93,J,90
621,93,Z,60
621,131,L,60
621,133,L,60
621,183,A,60
621,183,C,60
621,185,A,120
621,185,C,120
622,602,5,270
622,602,5X,270
622,623,4,120
622,623,6,120
622,623,6X,120
622,623,J,120
622,623,Z,120
622,628,4,90
622,628,5,90
622,628,J,60
622,628,Z,90
623,17,N,90
623,17,Q,120
623,17,R,90
623,17,W,90
623,20,N,150
623,20,R,150
623,20,W,150
623,26,Q,480
623,103,J,120
623,103,Z,120
623,409,4,90
623,409,6,90
623,409,6X,90
623,622,4,120
623,622,6,120
623,622,6X,120
623,622,J,90
623,622,Z,90
624,20,N,90
624,20,R,90
624,20,W,120
624,22,N,60
624,22,R,60
624,22,W,90
624,169,A,90
624,169,C,90
624,169,E,120
624,327,2,60
624,327,3,60
624,628,2,120
624,628,3,120
624,628,A,120
624,628,C,120
625,101,J,450
625,101,M,450
625,101,Z,450
625,103,J,90
625,103,Z,90
625,232,F,90
625,232,FX,90
625,234,F,90
625,234,FX,90
625,619,M,180
626,42,FS,180
626,141,FS,120
626,341,2,90
626,341,3,90
626,341,4,90
626,343,2,90
626,343,3,90
626,343,4,90
626,353,5,150
626,617,5,300
626,617,5X,300
627,141,FS,120
627,177,A,90
627,177,C,90
627,179,A,60
627,179,C,60
628,107,J,90
628,107,Z,90
628,173,A,180
628,173,C,180
628,333,2,60
628,333,3,60
628,413,4,60
628,413,5,60
628,622,4,90
628,622,5,90
628,622,5X,120
628,622,J,90
628,622,Z,120
628,624,2,120
628,624,3,120
628,624,A,120
628,624,C,120
629,120,L,90
629,122,L,60
629,284,G,150
629,286,G,90
630,111,M,90
630,113,M,120
630,127,L,90
630,129,L,90
635,22,N,90
635,22,R,90
635,22,W,120
635,329,1,120
635,620,N,210
635,620,R,210
635,620,W,210
636,26,N,90
636,26,R,90
636,26,W,120
636,173,A,120
636,173,C,120
636,175,A,90
636,175,C,90
636,235,F,90
636,235,FX,90
636,236,F,150
636,240,FX,420
636,620,N,90
636,620,R,90
636,620,W,120
